liga,fecha,local,visitante,arbitro,fuente_1,fuente_2
ESP-La Liga,2026-08-23,Ath Madrid,Villarreal,A Hernández Hernández,https://estadisticaslaliga.es/arbitros.php,https://www.vavel.com/es/futbol/2026/08/23/atletico-de-madrid/1268823-atletico-de-madrid-villarreal-convocatorias-y-arbitro.html
ESP-La Liga,2026-08-23,Getafe,Santander,J Martínez Munuera,https://estadisticaslaliga.es/arbitros.php,https://www.racinguismo.com/2026/08/cronica-getafe-racing-coliseum-primera.html
ESP-La Liga,2026-08-23,Elche,Barcelona,A Quintero González,https://diariofranjiverde.com/alejandro-quintero-gonzalez-arbitro-principal-para-el-elche-cf-fc-barcelona/,https://www.vavel.com/es/futbol/2026/08/23/fc-barcelona/1268862-elche-vs-barca-convocatorias-y-arbitro.html
ESP-La Liga,2026-08-24,Osasuna,Levante,V García Verdura,https://www.elpespunte.es/articulo/otros/quien-es-arbitro-osasuna-levante-victor-garcia-verdura-dirigira-partido-hoy/20260824193024147295.html,https://iusport.com/art/129032/alberola-rojas-arbitro-del-malaga-deportivo-y-garcia-verdura-del-osasuna-levante
ESP-La Liga,2026-08-24,Malaga,La Coruna,J Alberola Rojas,https://www.riazor.org/alberola-rojas-deportivo-malaga-segunda-jornada/,https://iusport.com/art/129032/alberola-rojas-arbitro-del-malaga-deportivo-y-garcia-verdura-del-osasuna-levante
ESP-La Liga,2026-08-27,Celta,Osasuna,M Sesma Espinosa,https://www.futbolfantasy.com/partidos/22423-celta-osasuna,https://alineacioneshoy.es/laliga/celta-de-vigo-osasuna-27-08-2026/
ESP-La Liga,2026-08-27,Barcelona,Ath Bilbao,M Ortiz Arias,https://www.vavel.com/es/futbol/2026/08/27/fc-barcelona/1269252-barca-vs-athletic-club-convocatoria-y-arbitro.html,https://latinus.us/deportes/futbol-internacional/2026/8/27/barcelona-athletic-raphinha-arbitro-ortiz-arias-bigote-182739.html
ESP-La Liga,2026-08-28,Santander,Elche,C Muñiz Muñoz,https://www.racinguismo.com/2026/08/cronica-racing-elche.html,https://diariofranjiverde.com/carlos-muniz-munoz-sera-el-arbitro-principal-para-el-racing-de-santander-elche-cf/
ESP-La Liga,2026-08-28,Alaves,Villarreal,I Díaz de Mera,https://www.futbolfantasy.com/partidos/22444-alaves-villarreal,https://estadisticaslaliga.es/arbitros.php
ESP-La Liga,2026-08-29,Levante,Betis,R de Burgos,https://www.futbolfantasy.com/partidos/22447-levante-betis,https://estadisticaslaliga.es/arbitros.php
ESP-La Liga,2026-08-29,Sociedad,Espanol,M Orellana Cid,https://lagrada.org/orellana-cid-arbitro-real-sociedad-espanyol-milla-alvendiz-var/,https://pericos.es/2026/08/28/orellana-cid-pita-en-el-reale-arena-el-arbitro-con-el-que-el-espanyol-no-sabe-perder/
ESP-La Liga,2026-08-29,Sevilla,Ath Madrid,J Alberola Rojas,https://www.elsevillista.es/2026/08/javier-alberola-sera-el-colegiado-que.html,https://estadisticaslaliga.es/arbitros.php
ESP-La Liga,2026-08-30,Real Madrid,Malaga,J Martínez Munuera,https://iusport.com/art/129679/martinez-munuera-arbitro-del-real-madrid-malaga-y-ortiz-arias-del-deportivo-valencia,https://www.lagalerna.com/asi-pito-martinez-munuera-real-madrid-malaga/
ESP-La Liga,2026-08-30,La Coruna,Valencia,M Ortiz Arias,https://iusport.com/art/129679/martinez-munuera-arbitro-del-real-madrid-malaga-y-ortiz-arias-del-deportivo-valencia,https://estadisticaslaliga.es/arbitros.php
ESP-La Liga,2026-08-30,Celta,Ath Bilbao,M Busquets Ferrer,https://www.laliga.com/en-GB/match/temporada-2026-2027-laliga-ea-sports-rc-celta-athletic-club-3,https://estadisticaslaliga.es/arbitros.php
ESP-La Liga,2026-08-31,Osasuna,Getafe,J González Esteban,https://www.futbolfantasy.com/partidos/22448-osasuna-getafe,https://estadisticaslaliga.es/arbitros.php
ESP-La Liga,2026-08-31,Barcelona,Vallecano,F Hernández Maeso,https://www.vavel.com/es/futbol/2026/08/31/fc-barcelona/1269658-fc-barcelona-vs-rayo-vallecano-convocatoria-y-arbitro.html,https://estadisticaslaliga.es/arbitros.php
